n_taxa,annotations,a,export_mean_s,export_sem_s,export_median_s,export_iqr_s
500,none,0,0.005864841601578519,1.669103652556466e-05,0.00587975000962615,5.1834009354934096e-05
500,fixed25,25,0.06795356660732069,0.0008237661663836453,0.06813220900949091,0.001954457984538749
500,proportional,50,0.12880475839483552,0.0007899320204877476,0.12961341699701734,0.0008129579946398735
1000,none,0,0.01167770839529112,1.2910699725123043e-05,0.011664249992463738,4.370900569483638e-05
1000,fixed25,25,0.1345945581968408,0.0009956032795551467,0.1354290829913225,0.0035606259771157056
1000,proportional,100,0.49067136680823753,0.0026442924911772724,0.4914740000094753,0.009903458005283028
2000,none,0,0.024642191804014148,0.0007284957849648226,0.02351600001566112,0.002805625001201406
2000,fixed25,25,0.2654623665846884,0.0023292120346579074,0.26366312499158084,0.006000124994898215
2000,proportional,200,1.9536562583991326,0.006751015784512677,1.958733375009615,0.027856125991092995
