fixture_id,test_class,test_function,pytest_node_id,branch_covered,pinned_expected_figtree_string,docstring_first_line,oracle
GOLDEN-001,TestAnnotationFormatGolden,test_color_annotation_lowercase_hex_unquoted,test/test_conformance.py::TestAnnotationFormatGolden::test_color_annotation_lowercase_hex_unquoted,other conformance branch (see the test docstring),[&!color=#ff0000],,"FigTree 1.4.4 Java sources (transcribed, pinned fixture)"
GOLDEN-002,TestAnnotationFormatGolden,test_hilight_annotation_three_parameter_format,test/test_conformance.py::TestAnnotationFormatGolden::test_hilight_annotation_three_parameter_format,annotation serialisation format (hex colour / hilight arity / Font.decode),,,"FigTree 1.4.4 Java sources (transcribed, pinned fixture)"
GOLDEN-003,TestAnnotationFormatGolden,test_font_annotation_java_font_decode_format,test/test_conformance.py::TestAnnotationFormatGolden::test_font_annotation_java_font_decode_format,annotation serialisation format (hex colour / hilight arity / Font.decode),,,"FigTree 1.4.4 Java sources (transcribed, pinned fixture)"
GOLDEN-004,TestAnnotationFormatGolden,test_stroke_written_but_warns,test/test_conformance.py::TestAnnotationFormatGolden::test_stroke_written_but_warns,other conformance branch (see the test docstring),[&!stroke=2],,"FigTree 1.4.4 Java sources (transcribed, pinned fixture)"
GOLDEN-005,TestAnnotationFormatGolden,test_integer_float_serialized_without_decimal,test/test_conformance.py::TestAnnotationFormatGolden::test_integer_float_serialized_without_decimal,other conformance branch (see the test docstring),,,"FigTree 1.4.4 Java sources (transcribed, pinned fixture)"
GOLDEN-006,TestTopologyPreservation,test_color_round_trip_preserves_topology,test/test_conformance.py::TestTopologyPreservation::test_color_round_trip_preserves_topology,round-trip preservation of tree topology,,,"FigTree 1.4.4 Java sources (transcribed, pinned fixture)"
GOLDEN-007,TestTopologyPreservation,test_highlight_round_trip_preserves_branch_lengths,test/test_conformance.py::TestTopologyPreservation::test_highlight_round_trip_preserves_branch_lengths,round-trip preservation of branch lengths,,,"FigTree 1.4.4 Java sources (transcribed, pinned fixture)"
GOLDEN-008,TestTopologyPreservation,test_collapse_is_display_attribute_topology_unchanged,test/test_conformance.py::TestTopologyPreservation::test_collapse_is_display_attribute_topology_unchanged,round-trip preservation of tree topology,[&!collapse={clade_AB,FigTree's collapse is a *display* attribute: the underlying,"FigTree 1.4.4 Java sources (transcribed, pinned fixture)"
GOLDEN-009,TestCommentPositionMatrix,test_tip_attached_comment_preserved,test/test_conformance.py::TestCommentPositionMatrix::test_tip_attached_comment_preserved,other conformance branch (see the test docstring),[&posterior=0.95],,"FigTree 1.4.4 Java sources (transcribed, pinned fixture)"
GOLDEN-010,TestCommentPositionMatrix,test_internal_node_comment_preserved_and_merged,test/test_conformance.py::TestCommentPositionMatrix::test_internal_node_comment_preserved_and_merged,other conformance branch (see the test docstring),,,"FigTree 1.4.4 Java sources (transcribed, pinned fixture)"
GOLDEN-011,TestCommentPositionMatrix,test_branch_length_comment_preserved,test/test_conformance.py::TestCommentPositionMatrix::test_branch_length_comment_preserved,round-trip preservation of branch lengths,[&note=x],,"FigTree 1.4.4 Java sources (transcribed, pinned fixture)"
GOLDEN-012,TestCommentPositionMatrix,test_root_attribute_preserved,test/test_conformance.py::TestCommentPositionMatrix::test_root_attribute_preserved,other conformance branch (see the test docstring),"[&R] ((A:0.1,B:0.2):0.3,C:0.4); | [&R]",#NEXUS,"FigTree 1.4.4 Java sources (transcribed, pinned fixture)"
GOLDEN-013,TestTranslateRoundTrip,test_translate_mapping_parsed,test/test_conformance.py::TestTranslateRoundTrip::test_translate_mapping_parsed,BEAST TRANSLATE block round-trip (quoted / escaped / comma-bearing names),,,"FigTree 1.4.4 Java sources (transcribed, pinned fixture)"
GOLDEN-014,TestTranslateRoundTrip,test_export_keeps_translate_ids_and_block,test/test_conformance.py::TestTranslateRoundTrip::test_export_keeps_translate_ids_and_block,BEAST TRANSLATE block round-trip (quoted / escaped / comma-bearing names),[&!color=#0000ff],,"FigTree 1.4.4 Java sources (transcribed, pinned fixture)"
GOLDEN-015,TestTranslateRoundTrip,test_escaped_quotes_in_translate,test/test_conformance.py::TestTranslateRoundTrip::test_escaped_quotes_in_translate,BEAST TRANSLATE block round-trip (quoted / escaped / comma-bearing names),,,"FigTree 1.4.4 Java sources (transcribed, pinned fixture)"
GOLDEN-016,TestTranslateRoundTrip,test_double_quoted_names_with_comma,test/test_conformance.py::TestTranslateRoundTrip::test_double_quoted_names_with_comma,other conformance branch (see the test docstring),,,"FigTree 1.4.4 Java sources (transcribed, pinned fixture)"
GOLDEN-017,TestNonUltrametricNodeHeight,test_calculate_node_height_is_root_to_node_depth,test/test_conformance.py::TestNonUltrametricNodeHeight::test_calculate_node_height_is_root_to_node_depth,iterative node-depth semantics on a non-ultrametric tree,,``_calculate_node_height`` returns the cumulative root-to-node,"FigTree 1.4.4 Java sources (transcribed, pinned fixture)"
GOLDEN-018,TestNonUltrametricNodeHeight,test_tip_height_uses_farthest_tip_distance,test/test_conformance.py::TestNonUltrametricNodeHeight::test_tip_height_uses_farthest_tip_distance,iterative node-depth semantics on a non-ultrametric tree,,"``_get_min_tip_height`` implements jebl's time-backward height,","FigTree 1.4.4 Java sources (transcribed, pinned fixture)"
GOLDEN-019,TestMultiTreeReplacementConformance,test_replace_middle_tree_keeps_others,test/test_conformance.py::TestMultiTreeReplacementConformance::test_replace_middle_tree_keeps_others,other conformance branch (see the test docstring),[&lnP=-100] | [&!color=#ff0000],,"FigTree 1.4.4 Java sources (transcribed, pinned fixture)"
GOLDEN-020,TestMultiTreeReplacementConformance,test_quoted_tree_name_with_semicolon,test/test_conformance.py::TestMultiTreeReplacementConformance::test_quoted_tree_name_with_semicolon,position-aware multi-tree replacement and declaration scanning,,G2 review fix: the scanner validates terminal states instead of,"FigTree 1.4.4 Java sources (transcribed, pinned fixture)"
GOLDEN-021,TestTreeDeclarationScannerValidation,test_unmatched_closing_bracket_rejected,test/test_conformance.py::TestTreeDeclarationScannerValidation::test_unmatched_closing_bracket_rejected,other conformance branch (see the test docstring),,,"FigTree 1.4.4 Java sources (transcribed, pinned fixture)"
GOLDEN-022,TestTreeDeclarationScannerValidation,test_unterminated_quote_rejected,test/test_conformance.py::TestTreeDeclarationScannerValidation::test_unterminated_quote_rejected,other conformance branch (see the test docstring),,,"FigTree 1.4.4 Java sources (transcribed, pinned fixture)"
GOLDEN-023,TestTreeDeclarationScannerValidation,test_unterminated_comment_rejected,test/test_conformance.py::TestTreeDeclarationScannerValidation::test_unterminated_comment_rejected,other conformance branch (see the test docstring),,,"FigTree 1.4.4 Java sources (transcribed, pinned fixture)"
GOLDEN-024,TestTreeDeclarationScannerValidation,test_missing_terminating_semicolon_rejected,test/test_conformance.py::TestTreeDeclarationScannerValidation::test_missing_terminating_semicolon_rejected,other conformance branch (see the test docstring),,,"FigTree 1.4.4 Java sources (transcribed, pinned fixture)"
GOLDEN-025,TestTreeDeclarationScannerValidation,test_lenient_mode_preserves_legacy_salvage,test/test_conformance.py::TestTreeDeclarationScannerValidation::test_lenient_mode_preserves_legacy_salvage,other conformance branch (see the test docstring),,,"FigTree 1.4.4 Java sources (transcribed, pinned fixture)"
GOLDEN-026,TestTreeDeclarationScannerValidation,test_valid_declarations_pass_strict_scan,test/test_conformance.py::TestTreeDeclarationScannerValidation::test_valid_declarations_pass_strict_scan,stock (unpatched) FigTree 1.4.4 parses and renders FigTreeKit output,,Stock-FigTree-style acceptance test: the patched JAR (FigTree 1.4.4,"FigTree 1.4.4 Java sources (transcribed, pinned fixture)"
GOLDEN-027,TestRenderAcceptance,test_png_render_accepted,test/test_conformance.py::TestRenderAcceptance::test_png_render_accepted,acceptance render through the bundled patched JAR,,,patched FigTree JAR
GOLDEN-028,TestRenderAcceptance,test_pdf_render_accepted,test/test_conformance.py::TestRenderAcceptance::test_pdf_render_accepted,acceptance render through the bundled patched JAR,,,patched FigTree JAR
GOLDEN-029,TestRenderAcceptance,test_svg_render_accepted,test/test_conformance.py::TestRenderAcceptance::test_svg_render_accepted,acceptance render through the bundled patched JAR,,Independent oracle (D2/C10): the preserved STOCK FigTree 1.4.4,patched FigTree JAR
GOLDEN-030,TestStockFigTreeAcceptance,test_stock_jar_identity,test/test_conformance.py::TestStockFigTreeAcceptance::test_stock_jar_identity,binary identity of the stock FigTree 1.4.4 JAR (SHA-256),,,stock FigTree 1.4.4 binary
GOLDEN-031,TestStockFigTreeAcceptance,test_stock_figtree_renders_figtreekit_output,test/test_conformance.py::TestStockFigTreeAcceptance::test_stock_figtree_renders_figtreekit_output,stock (unpatched) FigTree 1.4.4 parses and renders FigTreeKit output,,,stock FigTree 1.4.4 binary
