n_taxa,shape,seed,repeats,parse_mean_s,parse_sem_s,export_mean_s,export_sem_s,total_mean_s,total_sem_s,export_median_s,export_iqr_s,peak_memory_bytes
50,balanced,42,10,0.00566712929867208,0.00528579131567846,0.0018440001003909856,0.00021188863577260828,0.007807783296448179,0.005416422910161925,0.0019763540040003136,0.0008601360023021698,258241
50,balanced,7,10,0.00046673340548295526,9.829726228075804e-05,0.002275112399365753,0.0003573923850312849,0.0030535749043338,0.0004901360293782285,0.0019303955050418153,0.001838228759879712,195497
50,balanced,123,10,0.00032709159713704137,9.568365933166638e-05,0.0012123541993787513,0.00023021601335711193,0.0017037831945344805,0.0003507070738780925,0.00085618750017602,0.0005166037590242922,258122
50,balanced,2024,10,0.0001773708063410595,1.5163736089731735e-06,0.0008081833977485076,3.4948900277110576e-05,0.0011024835053831338,3.7024519062286645e-05,0.0007811880059307441,0.00011209350486751646,195177
50,balanced,314,10,0.000213295899447985,2.6740128928015865e-05,0.00139878349727951,0.0003540986831667639,0.0017595623998204247,0.0003937123529233189,0.0008514170040143654,0.0007865415027481504,257788
50,balanced,601,10,0.00020941259863320737,3.121784213894037e-05,0.0008623414963949471,5.603171251395798e-05,0.0011803998932009563,6.329865995110691e-05,0.0008379369974136353,0.00011888550943695009,195097
50,balanced,808,10,0.00019241679401602597,1.5998391504052052e-05,0.0007984915951965377,2.525125420633635e-05,0.001103120797779411,4.204817292269836e-05,0.0008141040016198531,0.0001320629962719977,258122
50,balanced,917,10,0.0001764209009706974,1.3963032770871716e-06,0.0007996753003681079,3.5629026621239434e-05,0.0010980000952258706,3.633606440573619e-05,0.0007765420014038682,0.00011605249164858833,195370
50,balanced,1337,10,0.00019559580832719802,2.058252849449961e-05,0.0009109916019951925,0.00010777178355101832,0.0012349002034170553,0.00014774853990039144,0.000817687512608245,0.00014991677016951144,257835
50,balanced,5555,10,0.00041440420609433203,2.6053888205735123e-05,0.0018112833000486716,0.00014187664717501083,0.0024480251100612803,0.0001586195485157327,0.0017852500022854656,0.0003914477347279899,195323
100,balanced,42,10,0.0007441374938935042,7.089500024209214e-05,0.00312648770341184,0.00035917342263288324,0.004103329195640981,0.00043384022957573885,0.0035014170134672895,0.0016889272374100983,271646
100,balanced,7,10,0.0008400209015235304,0.00015123403150861962,0.004680258105508983,0.0006057881765137646,0.005877525106188841,0.0006513528499553727,0.005355645509553142,0.003123822752968408,270836
100,balanced,123,10,0.00037391269579529763,9.260374493882957e-06,0.0017800207977415993,7.373794096746893e-05,0.0023231792001752183,8.105139867278944e-05,0.0017385204992024228,0.00028114550514146686,270742
100,balanced,2024,10,0.0005342624965123833,8.469152468223025e-05,0.001725479104788974,0.00010976389961645311,0.0024325584032339974,0.00019963638477400004,0.0016263335128314793,0.0004255205058143474,270789
100,balanced,314,10,0.0003939875983633101,3.433451058951822e-05,0.0020341581956017764,0.0003796380880521549,0.0025790666026296095,0.0003757160477304706,0.0016431459807790816,0.00029322974296519533,271084
100,balanced,601,10,0.0009650710009736941,9.413845841444288e-05,0.004430300096282735,0.00036616279886896594,0.0057073167059570554,0.00045459397689829353,0.004709333996288478,0.0004659792466554791,270701
100,balanced,808,10,0.0006076872930862009,0.00014426708429266937,0.0027581501984968782,0.0006776495253051456,0.003577499891980551,0.0008027445667587255,0.001787312503438443,0.0006535942738992162,270588
100,balanced,917,10,0.0005294666945701465,0.00010783465406880427,0.0014934792008716613,8.893598814326418e-05,0.0021782417956274004,0.00021072691114567443,0.0014208750071702525,7.283323066076264e-05,271084
100,balanced,1337,10,0.0008544041018467396,0.00026599572654500075,0.0026633123023202645,0.000455905378464651,0.0038203208008781076,0.0007633884023005031,0.0021222915092948824,0.0012475312396418303,270541
100,balanced,5555,10,0.000363141595153138,2.4645302496393465e-05,0.0014730499970028177,5.134417730127623e-05,0.001958633295726031,6.463410368189477e-05,0.0014083749993005767,0.00011080273543484509,271037
500,balanced,42,10,0.003674975098692812,0.0005169593567281972,0.012153245604713448,0.0013076779680078943,0.016130550001980735,0.0017185336030399114,0.012763958002324216,0.0047094892579480074,650429
500,balanced,7,10,0.0030043291044421494,0.0003748644356977105,0.010113116702996194,0.001102155497125137,0.013362562499241903,0.0014398714962722775,0.010054812504677102,0.006459000760514755,647868
500,balanced,123,10,0.0022978750930633396,0.00033307206453983134,0.006373383401660248,0.00014749736619378446,0.008846983392140828,0.0003811194856059432,0.006244895499548875,0.0005999792556394823,649414
500,balanced,2024,10,0.0024460500892018898,0.0002559162773709335,0.009934041602537035,0.0018063689717361707,0.012648262400762177,0.0018746044061773092,0.006380333506967872,0.006428864231565967,647620
500,balanced,314,10,0.002298354095546529,0.0003501228218661246,0.008342083400930279,0.0012250925682078704,0.01082552910083905,0.0015910050258211175,0.006161666504340246,0.002524386487493757,649461
500,balanced,601,10,0.0017581249994691461,9.215914765044457e-06,0.00637550009705592,0.00032200950391453613,0.008267420902848243,0.0003297725469697475,0.006044124995241873,0.00012603151117218658,648477
500,balanced,808,10,0.0017582834960194304,4.155171264491267e-06,0.005954079199000262,2.0892537107507883e-05,0.00783149159688037,1.9095304082002795e-05,0.005948937498033047,5.6917248002719134e-05,649277
500,balanced,917,10,0.0017830667056841776,1.0396807332955752e-05,0.006221087698941119,0.00031081885754158476,0.008127329204580747,0.0003109483616911761,0.00591872951190453,9.935375419445336e-05,648116
500,balanced,1337,10,0.001787449896801263,1.0801886686085522e-05,0.005925403989385814,1.934956322085695e-05,0.007827587399515324,2.1380039363969273e-05,0.005923520482610911,0.000101790988992434,649662
500,balanced,5555,10,0.0017916958022397012,1.6801423506283225e-05,0.0062186335009755565,0.00031386927175145943,0.008131620701169595,0.0003251505187183327,0.005891625507501885,9.723922266857699e-05,647526
1000,balanced,42,10,0.003825712503748946,0.0002839493842586949,0.011625929400906898,3.141200304225132e-05,0.01559029170020949,0.0002923684181745076,0.011661021009786054,0.00011491700570331886,1020800
1000,balanced,7,10,0.0035474584030453114,1.7576595332440472e-05,0.01201697509677615,0.0003131864487167853,0.0156927501084283,0.0003112327200997196,0.011690458515658975,7.223975262604654e-05,1020753
1000,balanced,123,10,0.0035234750946983697,1.8679848760167802e-05,0.011992841996834614,0.0003121895923049243,0.01564857079356443,0.0003119509616233187,0.011688937986036763,0.00011709324462572113,1020847
1000,balanced,2024,10,0.003872608405072242,0.00030442849968000086,0.012052958400454372,0.00029544248673676735,0.016073366801720113,0.00039597440582735604,0.011768042008043267,0.00012240675278007984,1021393
1000,balanced,314,10,0.0035618750989669934,2.731112399468863e-05,0.012023758303257637,0.0002938978489952444,0.01572798339475412,0.00029653793987537207,0.011724729498382658,0.0002293752258992754,1020351
1000,balanced,601,10,0.0035784666979452595,2.6568601747341606e-05,0.01202344190387521,0.0002547489335877047,0.01575922100164462,0.00026264824812298384,0.011757563013816252,0.00022664599964627996,1021095
1000,balanced,808,10,0.0035670249024406077,1.8225517196631496e-05,0.012022962601622566,0.0003204729841232807,0.01573220010031946,0.00032882872913893134,0.011732000013580546,0.00015204148803604767,1021296
1000,balanced,917,10,0.003815812704851851,0.00028680813061589337,0.011651904493919573,4.588536716221266e-05,0.015604212603648193,0.0002944774048386644,0.011651854496449232,0.00010656273661879823,1020599
1000,balanced,1337,10,0.0035727834998397156,2.025639241284001e-05,0.012057900099898688,0.00032741077114610025,0.015771391801536083,0.000325100422630661,0.011732812505215406,0.00011572900984901935,1021095
1000,balanced,5555,10,0.004604570800438523,0.0009325273579777161,0.01351741669641342,0.0007699674318961475,0.018336566496873274,0.0014973065664295655,0.01212477099034004,0.0029387914764811285,1021191
5000,balanced,42,10,0.03383136260381434,0.003460988055676167,0.11612521669012495,0.010845682824844754,0.15032822920766192,0.013342714638231912,0.12320816650753841,0.04623440575960558,5125913
5000,balanced,7,10,0.023554028998478315,0.002534417628267676,0.08041386670374777,0.006212229288503737,0.10426084590435494,0.007250107490424296,0.07034327098517679,0.0254429895139765,5126657
5000,balanced,123,10,0.019901728903641926,0.000472950577970533,0.06478282930329442,0.001540681997391954,0.08494088319712319,0.0015933984720251787,0.06413839549350087,0.006992281247221399,5124425
5000,balanced,2024,10,0.01964213329483755,0.0005906882773946793,0.06051060010213405,0.0007169557742021401,0.08037621240364387,0.000654464453923809,0.059070479503134266,0.003635073735495098,5125609
5000,balanced,314,10,0.02448060850438196,0.0027129493689105,0.0698227123968536,0.0021408128710498488,0.09463497910473961,0.0038355915370624437,0.06914139600121416,0.008746157007408328,5127617
5000,balanced,601,10,0.032818258501356466,0.004678749201996403,0.13207452080387155,0.013335159011420971,0.16531519590644167,0.014323116196654702,0.13694568749633618,0.04276555249816738,5066935
5000,balanced,808,10,0.031648699691868384,0.004988619873687641,0.10000737509690225,0.00987300463025187,0.1320254498947179,0.013068195834599767,0.09242541699495632,0.04894279125437606,5124623
5000,balanced,917,10,0.0337425916979555,0.005752200526719328,0.13073979169712402,0.01420542057411563,0.16483549590629992,0.01253999554088021,0.12616468749183696,0.05059161475946894,5125119
5000,balanced,1337,10,0.026026495898258874,0.0029624598371038955,0.09364490429870784,0.008019972890116968,0.11998179590154905,0.009327002382168114,0.09506370850431267,0.0381481145232101,5126113
5000,balanced,5555,10,0.028404645799309947,0.0030076679127698045,0.0956338458956452,0.008881792403501275,0.12434787080273964,0.010272499686251456,0.08849308348726481,0.05153947924554814,5125759
10000,balanced,42,10,0.0574869624018902,0.006983241765944464,0.1849522539996542,0.014616817347066564,0.2427554666006472,0.017672355372434414,0.18516068751341663,0.07050282251293538,9386153
10000,balanced,7,10,0.03974396670528222,0.0009293114051136465,0.1278637208044529,0.0019960396829513923,0.16790555829938966,0.002431907197319945,0.12484639600734226,0.0074095002564718015,9446503
10000,balanced,123,10,0.07005085000710096,0.009155233576686695,0.24949066679982934,0.022823875309314078,0.31997576240391934,0.028779710534788012,0.23793789600313175,0.07339245824550744,9445464
10000,balanced,2024,10,0.06684387080313173,0.006629045094912256,0.221237591697718,0.009138661943857943,0.28844573760288766,0.010584315444362776,0.2144928335037548,0.02913046901085181,9444968
10000,balanced,314,10,0.07922260009509045,0.00788127977919617,0.20324808320438023,0.0072433833901535604,0.2830375125951832,0.010867843784569073,0.20570756250526756,0.02172958273877157,9444519
10000,balanced,601,10,0.06796104609384201,0.005592650405026582,0.2249586332036415,0.011733039731327315,0.29332447089545893,0.012110117439650701,0.2223869995068526,0.0555861564935185,9444767
10000,balanced,808,10,0.0704174792044796,0.006764826355636191,0.22740146240685136,0.013548544026019411,0.2982384832983371,0.01837337517079379,0.22615385449898895,0.04509413574123755,9446751
10000,balanced,917,10,0.06768937080341857,0.007117610823066025,0.2243447457905859,0.014208926950257529,0.29244882500206587,0.012858640250610995,0.22881722898455337,0.040175417001591995,9445464
10000,balanced,1337,10,0.04075296679802705,0.0009856413659329354,0.13072338729398325,0.0005811948341475113,0.17175224589882418,0.0010019263651043079,0.13077058349153958,0.0024715204854146577,9444673
10000,balanced,5555,10,0.040482287493068723,0.0007257766104595226,0.12842599999858068,0.0011652497469297955,0.16918390419450588,0.0017703715254096372,0.12788493749394547,0.005827228997077327,9444673
